"","voter","to.country","estimate","p_value","significant"
"1","Albania","Armenia",1,0.774908703144755,FALSE
"2","Albania","Australia",-3.33333333333333,0.344485958471678,FALSE
"3","Albania","Belgium",-4,0.193850809609432,FALSE
"4","Albania","Georgia",-3.625,0.237595752655712,FALSE
"5","Albania","Hungary",0.666666666666667,0.848738627175973,FALSE
"6","Albania","Israel",-4.66666666666667,0.189426596010886,FALSE
"7","Albania","Latvia",-8,0.0292634676276771,TRUE
"8","Albania","Lithuania",-1.33333333333333,0.703177901625552,FALSE
"9","Albania","Poland",9,0.0153669139084247,TRUE
"10","Albania","Russia",0.166666666666668,0.961956480966586,FALSE
"11","Albania","Serbia",-0.5,0.868793930185435,FALSE
"12","Armenia","Albania",-0.5,0.891619218735781,FALSE
"13","Armenia","Austria",2.625,0.409882283795537,FALSE
"14","Armenia","Azerbaijan",-11.1,0.00020050557808452,TRUE
"15","Armenia","Belgium",-2.5,0.432435680658692,FALSE
"16","Armenia","Cyprus",4.33333333333333,0.239888148209545,FALSE
"17","Armenia","Estonia",3.125,0.3270334747209,FALSE
"18","Armenia","Finland",-3,0.414678819251067,FALSE
"19","Armenia","France",8,0.0319300487939444,TRUE
"20","Armenia","Georgia",5.83333333333333,0.11502981975896,FALSE
"21","Armenia","Germany",2.66666666666667,0.46820144050998,FALSE
"22","Armenia","Greece",8.125,0.012377409252191,TRUE
"23","Armenia","Hungary",-1.33333333333333,0.607662875612483,FALSE
"24","Armenia","Iceland",-3.33333333333333,0.36502705432257,FALSE
"25","Armenia","Italy",0.333333333333334,0.927619454385573,FALSE
"26","Armenia","Latvia",-3.66666666666667,0.319340558796709,FALSE
"27","Armenia","Malta",-7.33333333333333,0.048668996037041,TRUE
"28","Armenia","Moldova",3.83333333333333,0.297994020917581,FALSE
"29","Armenia","Montenegro",4.75,0.13799384563792,FALSE
"30","Armenia","Poland",10.6666666666667,0.00470932282816003,TRUE
"31","Armenia","Romania",-0.166666666666667,0.963771621010389,FALSE
"32","Armenia","Russia",4.91666666666667,0.0612323590661829,FALSE
"33","Armenia","San Marino",9.33333333333334,0.0128180532082351,TRUE
"34","Armenia","Serbia",4.66666666666667,0.205977466727347,FALSE
"35","Armenia","Spain",5.66666666666667,0.125597799856228,FALSE
"36","Armenia","Sweden",-1.25,0.694209259292264,FALSE
"37","Armenia","The Netherlands",-5.2,0.0705019513307167,FALSE
"38","Armenia","Ukraine",2.66666666666667,0.46820144050998,FALSE
"39","Armenia","United Kingdom",-0.333333333333334,0.927619454385573,FALSE
"40","Australia","Albania",-1.33333333333333,0.602134666278467,FALSE
"41","Australia","Armenia",2.66666666666667,0.29962717320212,FALSE
"42","Australia","Azerbaijan",-7.16666666666667,0.00741136633334405,TRUE
"43","Australia","Belgium",2.125,0.339362780825352,FALSE
"44","Australia","Cyprus",-1,0.695574813884088,FALSE
"45","Australia","Georgia",-6.625,0.0044953084572241,TRUE
"46","Australia","Hungary",-4.33333333333333,0.0955418590272951,FALSE
"47","Australia","Israel",-1,0.651495000059865,FALSE
"48","Australia","Latvia",0.5,0.821149215269763,FALSE
"49","Australia","Lithuania",2.75,0.218106481188958,FALSE
"50","Australia","Norway",-1.66666666666667,0.515031034770151,FALSE
"51","Australia","Poland",6.375,0.00607170603042904,TRUE
"52","Australia","Russia",-2.5,0.330443575881687,FALSE
"53","Australia","Serbia",9.25,0.000145187228770839,TRUE
"54","Australia","Slovenia",-2,0.435219768021071,FALSE
"55","Australia","Sweden",-4,0.122912175390629,FALSE
"56","Austria","Armenia",2.2,0.345084762350392,FALSE
"57","Austria","Azerbaijan",-8.375,0.00185748233076924,TRUE
"58","Austria","Belarus",-1.66666666666667,0.578735861040882,FALSE
"59","Austria","Belgium",-5.83333333333333,0.0549297489315882,FALSE
"60","Austria","Cyprus",-1,0.73884828176907,FALSE
"61","Austria","Estonia",1.33333333333333,0.656778481148869,FALSE
"62","Austria","Finland",-2.5,0.337285431100633,FALSE
"63","Austria","France",-3,0.318803528571325,FALSE
"64","Austria","Georgia",-6.125,0.0207254876411639,TRUE
"65","Austria","Germany",9.00000000000001,0.00362005061424589,TRUE
"66","Austria","Greece",-0.9,0.698536781783614,FALSE
"67","Austria","Hungary",3.6,0.12436430466845,FALSE
"68","Austria","Israel",-2,0.505443042068412,FALSE
"69","Austria","Italy",2,0.505443042068412,FALSE
"70","Austria","Lithuania",-6,0.0485222962375778,TRUE
"71","Austria","Malta",-12.5,7.89020300388388e-06,TRUE
"72","Austria","Montenegro",-4.66666666666667,0.122851874961485,FALSE
"73","Austria","Norway",-2.66666666666667,0.375174539186572,FALSE
"74","Austria","Poland",17.5,3.55362660005705e-09,TRUE
"75","Austria","Romania",8.625,0.00138142106316478,TRUE
"76","Austria","Russia",-1.9,0.414449899501915,FALSE
"77","Austria","Serbia",16,1.05928116850331e-06,TRUE
"78","Austria","Slovenia",6,0.0485222962375778,TRUE
"79","Austria","Spain",-1.33333333333333,0.656778481148869,FALSE
"80","Austria","Sweden",-2.66666666666667,0.375174539186572,FALSE
"81","Austria","The Netherlands",0.250000000000001,0.923302999875016,FALSE
"82","Austria","United Kingdom",-2.66666666666667,0.375174539186572,FALSE
"83","Azerbaijan","Armenia",-11.8,9.70717535775506e-06,TRUE
"84","Azerbaijan","Austria",1.875,0.490720520623367,FALSE
"85","Azerbaijan","Belgium",-1.66666666666666,0.595421149176486,FALSE
"86","Azerbaijan","Cyprus",-3.33333333333333,0.290126167680702,FALSE
"87","Azerbaijan","Estonia",3.5,0.266935452576037,FALSE
"88","Azerbaijan","France",-2.33333333333333,0.457808296069194,FALSE
"89","Azerbaijan","Germany",1,0.749827984269076,FALSE
"90","Azerbaijan","Greece",5,0.114881646973378,FALSE
"91","Azerbaijan","Hungary",3.2,0.191068925102928,FALSE
"92","Azerbaijan","Iceland",-3,0.340589954328302,FALSE
"93","Azerbaijan","Italy",0.666666666666666,0.831612857666943,FALSE
"94","Azerbaijan","Latvia",-0.333333333333333,0.915317706175477,FALSE
"95","Azerbaijan","Malta",-2.33333333333333,0.457808296069194,FALSE
"96","Azerbaijan","Montenegro",-2.25,0.408694208872362,FALSE
"97","Azerbaijan","Poland",13.3333333333333,7.87160802787804e-05,TRUE
"98","Azerbaijan","Russia",5.5,0.026856640813918,TRUE
"99","Azerbaijan","San Marino",13,0.000112357609037725,TRUE
"100","Azerbaijan","Spain",4.33333333333334,0.170588105807946,FALSE
"101","Azerbaijan","Sweden",-4,0.144600158487961,FALSE
"102","Azerbaijan","The Netherlands",-6.25,0.0245609450304347,TRUE
"103","Azerbaijan","Ukraine",5,0.114881646973378,FALSE
"104","Azerbaijan","United Kingdom",1,0.749827984269076,FALSE
"105","Belarus","Albania",0.333333333333334,0.924334043949203,FALSE
"106","Belarus","Armenia",7.75,0.0124633764199947,TRUE
"107","Belarus","Australia",-5.33333333333333,0.131419549785856,FALSE
"108","Belarus","Austria",-1.625,0.593231839355957,FALSE
"109","Belarus","Azerbaijan",3.16666666666667,0.368150749821584,FALSE
"110","Belarus","Belgium",-4.375,0.152726034851781,FALSE
"111","Belarus","Denmark",-1.83333333333333,0.601723485048435,FALSE
"112","Belarus","F.Y.R. Macedonia",-5,0.156924714749997,FALSE
"113","Belarus","Finland",-1.66666666666667,0.635108982614915,FALSE
"114","Belarus","France",-4.66666666666667,0.186096103047428,FALSE
"115","Belarus","Georgia",0.0999999999999997,0.970656529622885,FALSE
"116","Belarus","Germany",1.66666666666667,0.635108982614915,FALSE
"117","Belarus","Greece",1.375,0.651198193683519,FALSE
"118","Belarus","Hungary",-0.5,0.869342773243256,FALSE
"119","Belarus","Israel",-3,0.325131016316291,FALSE
"120","Belarus","Italy",-2.66666666666667,0.448199190765699,FALSE
"121","Belarus","Latvia",2.33333333333333,0.506750528633776,FALSE
"122","Belarus","Lithuania",0.5,0.869342773243256,FALSE
"123","Belarus","Malta",-15.6666666666667,2.53728277645408e-05,TRUE
"124","Belarus","Norway",-1.5,0.621916188400707,FALSE
"125","Belarus","Poland",14.2,1.32942312699443e-06,TRUE
"126","Belarus","Romania",1.625,0.593231839355957,FALSE
"127","Belarus","Russia",4.625,0.130910180435728,FALSE
"128","Belarus","Serbia",1.75,0.565180853047892,FALSE
"129","Belarus","Slovenia",3.5,0.251514550202992,FALSE
"130","Belarus","Spain",1,0.775750482593052,FALSE
"131","Belarus","Sweden",-2.66666666666667,0.448199190765699,FALSE
"132","Belarus","Switzerland",5,0.156924714749996,FALSE
"133","Belarus","The Netherlands",-10.3333333333333,0.00414745968345948,TRUE
"134","Belarus","Ukraine",3.33333333333333,0.343617323209615,FALSE
"135","Belarus","United Kingdom",-3.33333333333333,0.343617323209615,FALSE
"136","Belgium","Albania",9.75,0.000722593846137974,TRUE
"137","Belgium","Armenia",8.8,0.000651323277535741,TRUE
"138","Belgium","Australia",-5,0.121218517802514,FALSE
"139","Belgium","Austria",0.5,0.875839558257554,FALSE
"140","Belgium","Azerbaijan",-8.875,0.00195198192831198,TRUE
"141","Belgium","Belarus",-3.33333333333333,0.299334527594588,FALSE
"142","Belgium","Denmark",2.5,0.435592356848907,FALSE
"143","Belgium","Estonia",0.5,0.875839558257554,FALSE
"144","Belgium","France",3.33333333333333,0.299334527594589,FALSE
"145","Belgium","Georgia",-4.625,0.0982683853641446,FALSE
"146","Belgium","Germany",-0.333333333333332,0.91703563578837,FALSE
"147","Belgium","Greece",2.5,0.435592356848907,FALSE
"148","Belgium","Hungary",-2.8,0.260689276589049,FALSE
"149","Belgium","Israel",-4.66666666666667,0.147646182761537,FALSE
"150","Belgium","Italy",2.66666666666667,0.405750038965007,FALSE
"151","Belgium","Latvia",-1,0.718322199567393,FALSE
"152","Belgium","Lithuania",6.40987562127855e-17,1,FALSE
"153","Belgium","Montenegro",-6.33333333333333,0.0507813074924466,FALSE
"154","Belgium","Norway",-3.66666666666667,0.253968102606898,FALSE
"155","Belgium","Poland",19.75,5.45041748218257e-10,TRUE
"156","Belgium","Romania",8.83333333333334,0.00710328048055637,TRUE
"157","Belgium","Russia",-1.9,0.444256456617284,FALSE
"158","Belgium","Serbia",2.25,0.417877638027249,FALSE
"159","Belgium","Slovenia",-4.66666666666667,0.147646182761537,FALSE
"160","Belgium","Spain",7.66666666666667,0.0187471843109062,TRUE
"161","Belgium","Sweden",-2.25,0.417877638027249,FALSE
"162","Belgium","The Netherlands",3,0.280918187724652,FALSE
"163","Belgium","Ukraine",-3,0.280918187724652,FALSE
"164","Belgium","United Kingdom",0.333333333333332,0.91703563578837,FALSE
"165","Cyprus","Armenia",7.66666666666667,0.0397617033667156,TRUE
"166","Cyprus","Austria",0.500000000000001,0.888986666596164,FALSE
"167","Cyprus","Azerbaijan",3.625,0.248431934986045,FALSE
"168","Cyprus","Czech Republic",-4,0.269541151229174,FALSE
"169","Cyprus","Hungary",2.33333333333333,0.516373823550359,FALSE
"170","Cyprus","Israel",-0.333333333333332,0.925850196755,FALSE
"171","Cyprus","Latvia",-4.66666666666667,0.199514962404112,FALSE
"172","Cyprus","Lithuania",3,0.405282658232357,FALSE
"173","Cyprus","Malta",-7.33333333333333,0.0484762810600228,TRUE
"174","Cyprus","Montenegro",-4.66666666666667,0.199514962404112,FALSE
"175","Cyprus","Poland",13.5,0.000740467318937374,TRUE
"176","Cyprus","Russia",1.16666666666667,0.744850139717382,FALSE
"177","Cyprus","Sweden",-2,0.57764953719236,FALSE
"178","Czech Republic","Armenia",10,0.0200979052532253,TRUE
"179","Czech Republic","Austria",3.5,0.395604681530048,FALSE
"180","Czech Republic","Azerbaijan",8.125,0.0283087753770411,TRUE
"181","Czech Republic","Cyprus",-1.75,0.622297301088004,FALSE
"182","Czech Republic","Hungary",5,0.228011539762675,FALSE
"183","Czech Republic","Israel",-1.66666666666667,0.684322022330955,FALSE
"184","Czech Republic","Latvia",-4,0.332577325356691,FALSE
"185","Czech Republic","Lithuania",-1,0.807093459731891,FALSE
"186","Czech Republic","Malta",-11,0.0113151532127294,TRUE
"187","Czech Republic","Montenegro",-3,0.465758584873695,FALSE
"188","Czech Republic","Poland",14.5,0.0012989392750338,TRUE
"189","Czech Republic","Russia",1.16666666666667,0.775783526613085,FALSE
"190","Czech Republic","Sweden",-1.66666666666667,0.684322022330955,FALSE
"191","Denmark","Albania",2,0.417816354806792,FALSE
"192","Denmark","Armenia",-5.8,0.0100389461876593,TRUE
"193","Denmark","Australia",-0.333333333333334,0.906704006596937,FALSE
"194","Denmark","Austria",2.16666666666667,0.447051785413456,FALSE
"195","Denmark","Azerbaijan",-9.375,0.000274063183671384,TRUE
"196","Denmark","Belarus",0,1,FALSE
"197","Denmark","Belgium",1,0.650109847354577,FALSE
"198","Denmark","Estonia",1.5,0.598249366880043,FALSE
"199","Denmark","France",-1.66666666666667,0.558319981025028,FALSE
"200","Denmark","Georgia",-6.625,0.0085952024227936,TRUE
"201","Denmark","Germany",5,0.0818203561171295,FALSE
"202","Denmark","Greece",-2.5,0.380620537487945,FALSE
"203","Denmark","Hungary",-1,0.650109847354577,FALSE
"204","Denmark","Israel",-4.66666666666667,0.103884184636348,FALSE
"205","Denmark","Italy",-1.33333333333333,0.639452484212212,FALSE
"206","Denmark","Latvia",-0.5,0.839156654651412,FALSE
"207","Denmark","Lithuania",3.66666666666666,0.199797579296446,FALSE
"208","Denmark","Montenegro",-5,0.0818203561171294,FALSE
"209","Denmark","Norway",4.33333333333333,0.130541404363883,FALSE
"210","Denmark","Poland",12,5.63502730848196e-06,TRUE
"211","Denmark","Romania",2.16666666666667,0.447051785413456,FALSE
"212","Denmark","Russia",-2.3,0.298229511761366,FALSE
"213","Denmark","Serbia",3.75,0.130821939613111,FALSE
"214","Denmark","Slovenia",0.666666666666667,0.814704359826764,FALSE
"215","Denmark","Spain",4.33333333333333,0.130541404363883,FALSE
"216","Denmark","Sweden",2,0.417816354806791,FALSE
"217","Denmark","The Netherlands",1.25,0.612110185486164,FALSE
"218","Denmark","Ukraine",-3.25,0.189554610453071,FALSE
"219","Denmark","United Kingdom",8,0.00610175719654097,TRUE
"220","Estonia","Albania",-2.5,0.429421905706671,FALSE
"221","Estonia","Armenia",-3.5,0.119959644856282,FALSE
"222","Estonia","Austria",4.125,0.134335626214227,FALSE
"223","Estonia","Azerbaijan",-7.1,0.00472881465409457,TRUE
"224","Estonia","Belgium",-3,0.274488007205467,FALSE
"225","Estonia","Cyprus",3.33333333333333,0.292869378940302,FALSE
"226","Estonia","Finland",8.33333333333334,0.0098779839367186,TRUE
"227","Estonia","France",-0.333333333333333,0.915917659524127,FALSE
"228","Estonia","Georgia",-1.5,0.63496338931145,FALSE
"229","Estonia","Germany",2.05116019880913e-15,1,FALSE
"230","Estonia","Greece",-3.625,0.18750113615403,FALSE
"231","Estonia","Hungary",3.66666666666667,0.103588604741725,FALSE
"232","Estonia","Iceland",2.33333333333333,0.460694510331345,FALSE
"233","Estonia","Italy",0,1,FALSE
"234","Estonia","Latvia",5.66666666666667,0.0757838143491838,FALSE
"235","Estonia","Malta",-13.3333333333333,6.43374265790035e-05,TRUE
"236","Estonia","Moldova",1.16666666666667,0.711856716577842,FALSE
"237","Estonia","Montenegro",-6.75,0.015527741302485,TRUE
"238","Estonia","Poland",9.66666666666667,0.00297272474641887,TRUE
"239","Estonia","Romania",1.5,0.63496338931145,FALSE
"240","Estonia","Russia",3.58333333333333,0.11153247051675,FALSE
"241","Estonia","San Marino",10.6666666666667,0.00112373624938034,TRUE
"242","Estonia","Serbia",0.999999999999999,0.751519587971531,FALSE
"243","Estonia","Spain",2,0.526977116216405,FALSE
"244","Estonia","Sweden",0.500000000000001,0.85491448552351,FALSE
"245","Estonia","The Netherlands",-1.98602732259782e-16,1,FALSE
"246","Estonia","Ukraine",3,0.343467197337741,FALSE
"247","Estonia","United Kingdom",3,0.343467197337742,FALSE
"248","F.Y.R. Macedonia","Armenia",6.33333333333333,0.0427462277676205,TRUE
"249","F.Y.R. Macedonia","Belarus",1,0.737390203602737,FALSE
"250","F.Y.R. Macedonia","Belgium",-4.5,0.140731741762904,FALSE
"251","F.Y.R. Macedonia","Denmark",-5.5,0.0751814723465132,FALSE
"252","F.Y.R. Macedonia","Georgia",-7.16666666666667,0.0235239266742626,TRUE
"253","F.Y.R. Macedonia","Hungary",-3.33333333333333,0.269844253852596,FALSE
"254","F.Y.R. Macedonia","Poland",13.6666666666667,0.000126091122249294,TRUE
"255","F.Y.R. Macedonia","Russia",1.5,0.615560020172073,FALSE
"256","F.Y.R. Macedonia","Serbia",13,0.000219134107403445,TRUE
"257","F.Y.R. Macedonia","The Netherlands",-6.33333333333333,0.0427462277676205,TRUE
"258","F.Y.R. Macedonia","Ukraine",-2,0.504114513874396,FALSE
"259","Finland","Armenia",-4.2,0.109396059559168,FALSE
"260","Finland","Austria",3.7,0.157592877819679,FALSE
"261","Finland","Azerbaijan",-10.375,0.000624002637590035,TRUE
"262","Finland","Belarus",0.333333333333334,0.920878387988472,FALSE
"263","Finland","Belgium",-3.83333333333333,0.255536905471678,FALSE
"264","Finland","Cyprus",0.666666666666667,0.842549430643944,FALSE
"265","Finland","Estonia",11.3333333333333,0.00115428598119661,TRUE
"266","Finland","France",2.33333333333333,0.487611547625189,FALSE
"267","Finland","Georgia",-3.125,0.284231993786892,FALSE
"268","Finland","Germany",-2.66666666666667,0.427863622059047,FALSE
"269","Finland","Greece",-0.1,0.969312580037011,FALSE
"270","Finland","Hungary",0.8,0.75834052983378,FALSE
"271","Finland","Israel",0.666666666666667,0.842549430643944,FALSE
"272","Finland","Italy",0.333333333333333,0.920878387988473,FALSE
"273","Finland","Lithuania",-2,0.55169202151897,FALSE
"274","Finland","Malta",-12.75,3.75190132505196e-05,TRUE
"275","Finland","Montenegro",-2,0.55169202151897,FALSE
"276","Finland","Norway",2,0.55169202151897,FALSE
"277","Finland","Poland",10,0.000944090939382598,TRUE
"278","Finland","Romania",0.125,0.965692582219222,FALSE
"279","Finland","Russia",0.700000000000001,0.787756881936501,FALSE
"280","Finland","Serbia",3.66666666666667,0.276596971277546,FALSE
"281","Finland","Slovenia",3,0.372700376740506,FALSE
"282","Finland","Spain",2.66666666666667,0.427863622059047,FALSE
"283","Finland","Sweden",2,0.55169202151897,FALSE
"284","Finland","The Netherlands",-2,0.492071637056137,FALSE
"285","Finland","United Kingdom",-0.333333333333334,0.920878387988472,FALSE
"286","France","Albania",6.5,0.0559739078364333,FALSE
"287","France","Armenia",8.66666666666667,0.000465719596237564,TRUE
"288","France","Austria",4.125,0.158999363008151,FALSE
"289","France","Azerbaijan",-7.3,0.00623224190522265,TRUE
"290","France","Belgium",2.25,0.440211886514727,FALSE
"291","France","Cyprus",-1.33333333333333,0.691596754341262,FALSE
"292","France","Estonia",-1.375,0.636735964234653,FALSE
"293","France","Finland",-5,0.139543800739705,FALSE
"294","France","Georgia",-4.5,0.182998570614687,FALSE
"295","France","Germany",1,0.766019579939211,FALSE
"296","France","Greece",-0.625,0.829927662691477,FALSE
"297","France","Hungary",-1.16666666666667,0.623610123945205,FALSE
"298","France","Iceland",1.33333333333333,0.691596754341262,FALSE
"299","France","Italy",6,0.0771652357330276,FALSE
"300","France","Latvia",-6.66666666666667,0.0501104372473986,FALSE
"301","France","Malta",-15.6666666666667,1.25024744071112e-05,TRUE
"302","France","Moldova",3.5,0.299224766765093,FALSE
"303","France","Montenegro",-2.5,0.39133726724702,FALSE
"304","France","Poland",19.6666666666667,1.0934084722496e-07,TRUE
"305","France","Romania",11.1666666666667,0.00132774557250555,TRUE
"306","France","Russia",-1.91666666666667,0.420753310365998,FALSE
"307","France","San Marino",3.33333333333333,0.322665717283143,FALSE
"308","France","Serbia",9.33333333333333,0.00672470815263747,TRUE
"309","France","Spain",10,0.00380851743635875,TRUE
"310","France","Sweden",-4,0.171844039578656,FALSE
"311","France","The Netherlands",-3.4,0.193869030604629,FALSE
"312","France","Ukraine",-0.333333333333334,0.920962541299901,FALSE
"313","France","United Kingdom",0.333333333333333,0.920962541299901,FALSE
"314","Georgia","Australia",-8.66666666666667,0.00770297844534995,TRUE
"315","Georgia","Belgium",-8.16666666666667,0.0109920803427963,TRUE
"316","Georgia","Israel",-6.33333333333333,0.0394198529078266,TRUE
"317","Georgia","Latvia",4,0.17334989088672,FALSE
"318","Georgia","Lithuania",5.33333333333333,0.0764439540121224,FALSE
"319","Georgia","Poland",13.6666666666667,0.000233559248722748,TRUE
"320","Georgia","Serbia",3.66666666666667,0.209614433700964,FALSE
"321","Germany","Armenia",1.66666666666667,0.618587724580585,FALSE
"322","Germany","Australia",-1.66666666666667,0.618587724580585,FALSE
"323","Germany","Austria",4.125,0.157197763639501,FALSE
"324","Germany","Azerbaijan",-8.375,0.0048681549239067,TRUE
"325","Germany","Belarus",-4.33333333333333,0.197615943616682,FALSE
"326","Germany","Belgium",-4.5,0.181106701309901,FALSE
"327","Germany","Cyprus",0.666666666666667,0.842045013504435,FALSE
"328","Germany","France",-3,0.371055543191418,FALSE
"329","Germany","Georgia",-2,0.490617922610196,FALSE
"330","Germany","Greece",8.66666666666667,0.011211261996651,TRUE
"331","Germany","Hungary",-1.33333333333333,0.690335495766927,FALSE
"332","Germany","Ireland",-0.333333333333333,0.920622998096529,FALSE
"333","Germany","Israel",-0.800000000000001,0.757577165176706,FALSE
"334","Germany","Italy",3.66666666666667,0.274896625054123,FALSE
"335","Germany","Latvia",-3.5,0.229190732783038,FALSE
"336","Germany","Lithuania",-2,0.441069554725101,FALSE
"337","Germany","Malta",-10.5,0.000500571947858241,TRUE
"338","Germany","Montenegro",-5.33333333333333,0.11381667504962,FALSE
"339","Germany","Norway",-3.2,0.219116309702646,FALSE
"340","Germany","Poland",17.0833333333333,3.00557863906171e-10,TRUE
"341","Germany","Romania",2.83333333333333,0.398086049863284,FALSE
"342","Germany","Russia",4.5,0.181106701309901,FALSE
"343","Germany","Serbia",5,0.137832627088182,FALSE
"344","Germany","Slovenia",-2.2,0.396951041645416,FALSE
"345","Germany","Spain",2.66666666666667,0.42629372199352,FALSE
"346","Germany","Sweden",-3.5,0.229190732783038,FALSE
"347","Germany","Switzerland",4,0.169991420936163,FALSE
"348","Germany","Ukraine",-2,0.550368257603533,FALSE
"349","Germany","United Kingdom",-2,0.550368257603534,FALSE
"350","Greece","Armenia",5.8,0.0163498442647613,TRUE
"351","Greece","Austria",1.1,0.642120396732603,FALSE
"352","Greece","Azerbaijan",-6.625,0.0142536323341611,TRUE
"353","Greece","Belarus",1.66666666666667,0.58556979499652,FALSE
"354","Greece","Belgium",-4.5,0.143646634501633,FALSE
"355","Greece","Cyprus",11,0.000565271647673972,TRUE
"356","Greece","Estonia",3,0.327523607267246,FALSE
"357","Greece","Finland",-3.25,0.22155529785788,FALSE
"358","Greece","France",0.666666666666667,0.827191076471447,FALSE
"359","Greece","Georgia",3.875,0.145898058426915,FALSE
"360","Greece","Germany",-4.33333333333333,0.158842556256834,FALSE
"361","Greece","Hungary",7.94410929039127e-16,1,FALSE
"362","Greece","Israel",-3.66666666666667,0.232224915672825,FALSE
"363","Greece","Italy",3.66666666666666,0.232224915672826,FALSE
"364","Greece","Lithuania",-6.33333333333333,0.0410729261490406,TRUE
"365","Greece","Malta",-13.25,3.73479457674443e-06,TRUE
"366","Greece","Montenegro",-4.33333333333333,0.158842556256834,FALSE
"367","Greece","Norway",-8.33333333333334,0.00783139936886126,TRUE
"368","Greece","Poland",13.5,2.59757323193402e-06,TRUE
"369","Greece","Romania",4.625,0.0836223528152441,FALSE
"370","Greece","Russia",2.1,0.375948155630084,FALSE
"371","Greece","Serbia",7,0.0244224144083693,TRUE
"372","Greece","Slovenia",-2,0.5131057891566,FALSE
"373","Greece","Spain",5.66666666666666,0.0667681802232359,FALSE
"374","Greece","Sweden",-5.33333333333333,0.0840284428627477,FALSE
"375","Greece","The Netherlands",-6.25,0.0204754997282387,TRUE
"376","Greece","United Kingdom",0.666666666666667,0.827191076471447,FALSE
"377","Hungary","Albania",0.166666666666667,0.960285802215298,FALSE
"378","Hungary","Armenia",0.166666666666667,0.943859322160284,FALSE
"379","Hungary","Austria",5.125,0.0802517924658867,FALSE
"380","Hungary","Azerbaijan",-5.3,0.0438676778516199,TRUE
"381","Hungary","Belgium",-1.25,0.666496839309936,FALSE
"382","Hungary","Cyprus",2.66666666666666,0.426632059889179,FALSE
"383","Hungary","Estonia",4.375,0.134253739527113,FALSE
"384","Hungary","Finland",6.33333333333334,0.0615972839205774,FALSE
"385","Hungary","France",-3,0.371419809422193,FALSE
"386","Hungary","Georgia",-5.83333333333333,0.0845701234034648,FALSE
"387","Hungary","Germany",8.33333333333333,0.0147581901536471,TRUE
"388","Hungary","Greece",-3.375,0.246499975382673,FALSE
"389","Hungary","Iceland",4,0.234364339439744,FALSE
"390","Hungary","Italy",-1,0.765184885907398,FALSE
"391","Hungary","Latvia",0.333333333333335,0.920671988828364,FALSE
"392","Hungary","Malta",-12,0.000585350310760444,TRUE
"393","Hungary","Moldova",1.16666666666667,0.727524932835594,FALSE
"394","Hungary","Montenegro",-4.5,0.123650108117655,FALSE
"395","Hungary","Poland",18,8.27757984552363e-07,TRUE
"396","Hungary","Romania",5.83333333333333,0.0845701234034648,FALSE
"397","Hungary","Russia",0.416666666666667,0.860267108357665,FALSE
"398","Hungary","San Marino",8.33333333333333,0.014758190153647,TRUE
"399","Hungary","Serbia",6.33333333333333,0.0615972839205776,FALSE
"400","Hungary","Spain",0.666666666666666,0.842142375354724,FALSE
"401","Hungary","Sweden",-0.5,0.863061526946131,FALSE
"402","Hungary","The Netherlands",-1.4,0.589576489044411,FALSE
"403","Hungary","Ukraine",0.666666666666666,0.842142375354723,FALSE
"404","Hungary","United Kingdom",-2.66666666666667,0.426632059889178,FALSE
"405","Iceland","Armenia",-4,0.112858715792265,FALSE
"406","Iceland","Austria",3.375,0.229790902939988,FALSE
"407","Iceland","Azerbaijan",-3.91666666666667,0.0894208259398541,FALSE
"408","Iceland","Belgium",0.333333333333334,0.917789619807898,FALSE
"409","Iceland","Cyprus",0.5,0.858120963833835,FALSE
"410","Iceland","Czech Republic",-3,0.354293905213388,FALSE
"411","Iceland","Estonia",2.16666666666667,0.502907980919827,FALSE
"412","Iceland","France",2.66666666666667,0.410011321704091,FALSE
"413","Iceland","Germany",0.333333333333333,0.917789619807898,FALSE
"414","Iceland","Greece",-0.666666666666667,0.836467198091731,FALSE
"415","Iceland","Hungary",1.2,0.631683419635122,FALSE
"416","Iceland","Israel",-3,0.354293905213388,FALSE
"417","Iceland","Italy",0.666666666666667,0.836467198091731,FALSE
"418","Iceland","Latvia",-0.75,0.788611924315313,FALSE
"419","Iceland","Lithuania",3.66666666666667,0.258258401540381,FALSE
"420","Iceland","Malta",-10.25,0.000443738043133533,TRUE
"421","Iceland","Montenegro",-4.2,0.096250510164577,FALSE
"422","Iceland","Norway",1,0.756891275250661,FALSE
"423","Iceland","Poland",18.375,5.59475962630458e-09,TRUE
"424","Iceland","Russia",-1.3,0.603596843823923,FALSE
"425","Iceland","San Marino",3.5,0.213161764405814,FALSE
"426","Iceland","Slovenia",3,0.354293905213388,FALSE
"427","Iceland","Spain",2,0.536227262559717,FALSE
"428","Iceland","Sweden",1,0.689479974826414,FALSE
"429","Iceland","The Netherlands",2.5,0.37265169274829,FALSE
"430","Iceland","Ukraine",-4.33333333333333,0.182273996729552,FALSE
"431","Iceland","United Kingdom",3.33333333333333,0.303708067647414,FALSE
"432","Ireland","Armenia",-9.33333333333333,0.00161704865028864,TRUE
"433","Ireland","Australia",-3.33333333333333,0.246500602145868,FALSE
"434","Ireland","Austria",0.375,0.879814685047988,FALSE
"435","Ireland","Azerbaijan",-10.125,0.000103947470640437,TRUE
"436","Ireland","Belarus",1,0.727031749859206,FALSE
"437","Ireland","Belgium",-5.16666666666667,0.0742121857395806,FALSE
"438","Ireland","Cyprus",-2,0.485607651257681,FALSE
"439","Ireland","France",-3,0.296541551259111,FALSE
"440","Ireland","Georgia",-5,0.0466061810378683,TRUE
"441","Ireland","Germany",0,1,FALSE
"442","Ireland","Greece",-2,0.485607651257681,FALSE
"443","Ireland","Hungary",-1.33333333333333,0.641723911407609,FALSE
"444","Ireland","Israel",-3.4,0.128226600957399,FALSE
"445","Ireland","Italy",-2,0.485607651257681,FALSE
"446","Ireland","Latvia",3.25,0.19251313095789,FALSE
"447","Ireland","Lithuania",9.6,4.29831183248966e-05,TRUE
"448","Ireland","Malta",-8.75,0.000686873942471666,TRUE
"449","Ireland","Montenegro",-6.33333333333333,0.0294709188485095,TRUE
"450","Ireland","Norway",-3.6,0.107586581000237,FALSE
"451","Ireland","Poland",18.25,1.10551172882131e-13,TRUE
"452","Ireland","Romania",8.5,0.00389042374913563,TRUE
"453","Ireland","Russia",-1.16666666666667,0.683863382265298,FALSE
"454","Ireland","Serbia",1.53837014910685e-15,1,FALSE
"455","Ireland","Slovenia",-1.8,0.41808466069757,FALSE
"456","Ireland","Spain",7,0.0164770920628507,TRUE
"457","Ireland","Sweden",-2.75,0.269400873137366,FALSE
"458","Ireland","Switzerland",4.75,0.0583915113328453,FALSE
"459","Ireland","Ukraine",-4.33333333333333,0.133097630941947,FALSE
"460","Ireland","United Kingdom",12,7.07467573911368e-05,TRUE
"461","Israel","Armenia",10,0.00599066026691204,TRUE
"462","Israel","Australia",-2.33333333333333,0.511106738386266,FALSE
"463","Israel","Austria",0.375,0.902805296681912,FALSE
"464","Israel","Azerbaijan",0.375,0.902805296681912,FALSE
"465","Israel","Belarus",6,0.0937220414050815,FALSE
"466","Israel","Belgium",-1.83333333333333,0.605439223186115,FALSE
"467","Israel","Cyprus",-2.33333333333333,0.511106738386266,FALSE
"468","Israel","France",3.66666666666667,0.302822922771763,FALSE
"469","Israel","Georgia",-2.75,0.371774827787758,FALSE
"470","Israel","Germany",-2.66666666666667,0.452861683954168,FALSE
"471","Israel","Greece",0.333333333333334,0.925102259232124,FALSE
"472","Israel","Hungary",-1.66666666666667,0.638565622715919,FALSE
"473","Israel","Ireland",1.33333333333333,0.707016855618981,FALSE
"474","Israel","Italy",1,0.777975451598135,FALSE
"475","Israel","Latvia",-4.5,0.145678347546507,FALSE
"476","Israel","Lithuania",-0.2,0.94194960435072,FALSE
"477","Israel","Malta",-10.75,0.000759982521527407,TRUE
"478","Israel","Montenegro",-0.333333333333333,0.925102259232124,FALSE
"479","Israel","Norway",-5.4,0.0522517253203839,FALSE
"480","Israel","Poland",8.75,0.000787218352660471,TRUE
"481","Israel","Romania",9.83333333333333,0.0068364674137782,TRUE
"482","Israel","Russia",5.16666666666667,0.14794522467886,FALSE
"483","Israel","Serbia",2.33333333333333,0.511106738386266,FALSE
"484","Israel","Slovenia",0.8,0.770898298377521,FALSE
"485","Israel","Spain",5,0.161279147144792,FALSE
"486","Israel","Sweden",-3.75,0.224318712210574,FALSE
"487","Israel","Switzerland",3.5,0.256440123325722,FALSE
"488","Israel","Ukraine",1.33333333333333,0.707016855618981,FALSE
"489","Israel","United Kingdom",5.66666666666667,0.113061391270621,FALSE
"490","Italy","Armenia",1,0.770403545011904,FALSE
"491","Italy","Australia",-8.33333333333333,0.016984448433319,TRUE
"492","Italy","Austria",0.375,0.899413383875382,FALSE
"493","Italy","Azerbaijan",-10.125,0.000996524447468528,TRUE
"494","Italy","Belarus",-2,0.559757365473337,FALSE
"495","Italy","Belgium",-7.16666666666667,0.0391329587539537,TRUE
"496","Italy","Cyprus",-1,0.770403545011905,FALSE
"497","Italy","France",-0.333333333333331,0.922482814866032,FALSE
"498","Italy","Georgia",1,0.736143770533152,FALSE
"499","Italy","Germany",-1.66666666666667,0.62684766848363,FALSE
"500","Italy","Greece",7.33333333333333,0.0349111122962348,TRUE
"501","Italy","Hungary",-5,0.147193864540996,FALSE
"502","Italy","Ireland",-2,0.559757365473337,FALSE
"503","Italy","Israel",-1.8,0.498181858002163,FALSE
"504","Italy","Latvia",-5.25,0.0798089807952018,FALSE
"505","Italy","Lithuania",1.6,0.546985591820179,FALSE
"506","Italy","Malta",-9.5,0.00192824451555771,TRUE
"507","Italy","Montenegro",-0.666666666666667,0.845709883203325,FALSE
"508","Italy","Norway",-8.2,0.0027091015628256,TRUE
"509","Italy","Poland",17.4166666666667,3.45973974361319e-10,TRUE
"510","Italy","Romania",12.5,0.000461547553262994,TRUE
"511","Italy","Russia",1.5,0.66166420735758,FALSE
"512","Italy","Serbia",12.6666666666667,0.000392354456328801,TRUE
"513","Italy","Slovenia",1.98602732259782e-16,1,FALSE
"514","Italy","Spain",5.33333333333333,0.122422380007552,FALSE
"515","Italy","Sweden",-7,0.0204582846104824,TRUE
"516","Italy","Switzerland",4.5,0.132182418728581,FALSE
"517","Italy","Ukraine",3.33333333333333,0.332011328098958,FALSE
"518","Italy","United Kingdom",-2.66666666666666,0.437203312227613,FALSE
"519","Latvia","Albania",-1,0.736733373033721,FALSE
"520","Latvia","Armenia",-2.5,0.333164200490518,FALSE
"521","Latvia","Australia",-4,0.18119542670101,FALSE
"522","Latvia","Austria",1.83333333333333,0.53804178014216,FALSE
"523","Latvia","Azerbaijan",-2.3,0.319616282193161,FALSE
"524","Latvia","Belgium",-2,0.438284506273523,FALSE
"525","Latvia","Cyprus",2.66666666666667,0.371110946974094,FALSE
"526","Latvia","France",-3.33333333333333,0.264295630971673,FALSE
"527","Latvia","Georgia",1.66666666666667,0.575532519710961,FALSE
"528","Latvia","Germany",1.66666666666667,0.575532519710961,FALSE
"529","Latvia","Hungary",0.75,0.770921013689867,FALSE
"530","Latvia","Iceland",2.16666666666667,0.467002097380317,FALSE
"531","Latvia","Israel",-6,0.0220970901109109,TRUE
"532","Latvia","Italy",-3,0.314670105672168,FALSE
"533","Latvia","Lithuania",8.5,0.001434507415151,TRUE
"534","Latvia","Malta",-15,2.93820562499836e-06,TRUE
"535","Latvia","Montenegro",-4.5,0.0836675408754021,FALSE
"536","Latvia","Norway",-1,0.697912226471881,FALSE
"537","Latvia","Poland",11.1,7.02575266500831e-06,TRUE
"538","Latvia","Russia",6.375,0.0152529739637938,TRUE
"539","Latvia","San Marino",7.33333333333333,0.0156283089324883,TRUE
"540","Latvia","Serbia",-2.66666666666667,0.371110946974093,FALSE
"541","Latvia","Slovenia",3,0.246171787767356,FALSE
"542","Latvia","Spain",2,0.501843163419669,FALSE
"543","Latvia","Sweden",-1.4,0.543793988578745,FALSE
"544","Latvia","Switzerland",5,0.0957669789705435,FALSE
"545","Latvia","The Netherlands",-1.66666666666667,0.575532519710962,FALSE
"546","Latvia","Ukraine",3.25,0.209351503755708,FALSE
"547","Latvia","United Kingdom",1.33333333333333,0.654074242171197,FALSE
"548","Lithuania","Armenia",-1,0.728091501348139,FALSE
"549","Lithuania","Australia",-5,0.0851492192171243,FALSE
"550","Lithuania","Austria",0.125,0.959961928635465,FALSE
"551","Lithuania","Azerbaijan",-1.875,0.452302382540592,FALSE
"552","Lithuania","Belarus",9,0.00242156237597548,TRUE
"553","Lithuania","Belgium",-4.16666666666667,0.150145590032136,FALSE
"554","Lithuania","Cyprus",-0.333333333333333,0.907707408119522,FALSE
"555","Lithuania","France",-1.66666666666667,0.562575559946654,FALSE
"556","Lithuania","Georgia",5.5,0.0297409669066249,TRUE
"557","Lithuania","Germany",3.33333333333333,0.248451725715526,FALSE
"558","Lithuania","Greece",-0.333333333333334,0.907707408119522,FALSE
"559","Lithuania","Hungary",-0.666666666666667,0.816670216055229,FALSE
"560","Lithuania","Ireland",1.33333333333333,0.64307340521938,FALSE
"561","Lithuania","Israel",-4.2,0.0623682665180009,FALSE
"562","Lithuania","Italy",-1.66666666666667,0.562575559946654,FALSE
"563","Lithuania","Latvia",5.75,0.0232676744624525,TRUE
"564","Lithuania","Malta",-14.25,1.93887476844602e-07,TRUE
"565","Lithuania","Montenegro",-6,0.0396933748404573,TRUE
"566","Lithuania","Norway",-0.2,0.928445171185284,FALSE
"567","Lithuania","Poland",15.0833333333333,1.44766135249817e-10,TRUE
"568","Lithuania","Romania",-1.16666666666667,0.685073632607103,FALSE
"569","Lithuania","Russia",3.16666666666667,0.272687922732517,FALSE
"570","Lithuania","Serbia",-3.66666666666667,0.204678973674312,FALSE
"571","Lithuania","Slovenia",1.4,0.53014524746605,FALSE
"572","Lithuania","Spain",2.33333333333333,0.418086588110307,FALSE
"573","Lithuania","Sweden",-1.5,0.54738671297119,FALSE
"574","Lithuania","Switzerland",4.75,0.0594712014490641,FALSE
"575","Lithuania","Ukraine",3.33333333333333,0.248451725715526,FALSE
"576","Lithuania","United Kingdom",2,0.487383190435389,FALSE
"577","Malta","Armenia",-5.25,0.0729451523032436,FALSE
"578","Malta","Austria",0.1,0.969198249866619,FALSE
"579","Malta","Azerbaijan",3.3,0.205075659278065,FALSE
"580","Malta","Cyprus",0.75,0.795657490293276,FALSE
"581","Malta","Czech Republic",-1.66666666666667,0.618428014842263,FALSE
"582","Malta","Finland",-4.66666666666667,0.16556911994014,FALSE
"583","Malta","France",-3,0.370874686703344,FALSE
"584","Malta","Georgia",-6,0.0758686416167528,FALSE
"585","Malta","Germany",-1.66666666666667,0.618428014842263,FALSE
"586","Malta","Greece",2.25,0.438053733170067,FALSE
"587","Malta","Hungary",-1.25,0.666147327330262,FALSE
"588","Malta","Iceland",2,0.55019288365874,FALSE
"589","Malta","Israel",-0.500000000000001,0.86291114299056,FALSE
"590","Malta","Italy",11,0.00149070859729451,TRUE
"591","Malta","Latvia",-5.66666666666667,0.0932498155872906,FALSE
"592","Malta","Lithuania",-1.25,0.666147327330262,FALSE
"593","Malta","Montenegro",-6.75,0.0220603917416329,TRUE
"594","Malta","Norway",-2.75,0.343715689149756,FALSE
"595","Malta","Poland",11.3,3.92383389050325e-05,TRUE
"596","Malta","Romania",6.83333333333334,0.0438681818064409,TRUE
"597","Malta","Russia",1.875,0.517861682580151,FALSE
"598","Malta","San Marino",7.66666666666667,0.0242497662920308,TRUE
"599","Malta","Slovenia",-1.5,0.604748509455265,FALSE
"600","Malta","Spain",2.33333333333333,0.485964917417188,FALSE
"601","Malta","Sweden",-1,0.729919293138328,FALSE
"602","Malta","Switzerland",6.66666666666667,0.0491260426695116,TRUE
"603","Malta","The Netherlands",0.333333333333333,0.92058435590258,FALSE
"604","Malta","United Kingdom",12,0.000573846170812569,TRUE
"605","Moldova","Armenia",4.8,0.10697657892448,FALSE
"606","Moldova","Austria",1.875,0.569354498413437,FALSE
"607","Moldova","Azerbaijan",5.375,0.106438865086278,FALSE
"608","Moldova","Belgium",-4.16666666666667,0.275370083583128,FALSE
"609","Moldova","Cyprus",-4.66666666666667,0.222454959875605,FALSE
"610","Moldova","Estonia",5,0.191589848213639,FALSE
"611","Moldova","Finland",-4.66666666666667,0.222454959875605,FALSE
"612","Moldova","France",0.666666666666667,0.860735126678062,FALSE
"613","Moldova","Georgia",-2.83333333333333,0.456960194988047,FALSE
"614","Moldova","Germany",1,0.792464122711623,FALSE
"615","Moldova","Greece",0.875,0.790364690900496,FALSE
"616","Moldova","Hungary",-2.2,0.45587752457188,FALSE
"617","Moldova","Italy",1.66666666666667,0.66118481063395,FALSE
"618","Moldova","Malta",-13,0.00111641012541114,TRUE
"619","Moldova","Montenegro",-5,0.191589848213639,FALSE
"620","Moldova","Poland",9.66666666666667,0.0133430448630637,TRUE
"621","Moldova","Romania",13.5,0.000743643552661129,TRUE
"622","Moldova","Russia",3.1,0.294581174794855,FALSE
"623","Moldova","Serbia",2.56395024851142e-16,1,FALSE
"624","Moldova","Spain",3,0.431058427476405,FALSE
"625","Moldova","Sweden",-3.66666666666667,0.336532469152467,FALSE
"626","Moldova","The Netherlands",-8.5,0.0120601424279542,TRUE
"627","Moldova","United Kingdom",1.34607388046849e-15,1,FALSE
"628","Montenegro","Armenia",-3,0.4283554265626,FALSE
"629","Montenegro","Austria",0.999999999999999,0.789678144840311,FALSE
"630","Montenegro","Azerbaijan",3.66666666666667,0.335725285566315,FALSE
"631","Montenegro","Hungary",3.33333333333333,0.380118157034709,FALSE
"632","Montenegro","Malta",-13.3333333333333,0.00275744601945791,TRUE
"633","Montenegro","Russia",5.16666666666667,0.181895181193499,FALSE
"634","Montenegro","The Netherlands",-9,0.0282075694724372,TRUE
"635","Norway","Armenia",-7.66666666666667,0.0123381779704787,TRUE
"636","Norway","Australia",-0.666666666666667,0.824105434470675,FALSE
"637","Norway","Austria",0.375,0.885199489322152,FALSE
"638","Norway","Azerbaijan",-8.125,0.0024347047046872,TRUE
"639","Norway","Belarus",1.33333333333333,0.656817017209748,FALSE
"640","Norway","Belgium",-1.83333333333334,0.541487676513086,FALSE
"641","Norway","Cyprus",-0.333333333333334,0.911499081761762,FALSE
"642","Norway","France",-1.66666666666667,0.578770969865416,FALSE
"643","Norway","Georgia",-5.5,0.0369336428076152,TRUE
"644","Norway","Germany",0.666666666666667,0.824105434470674,FALSE
"645","Norway","Greece",-2,0.505468127299993,FALSE
"646","Norway","Hungary",-4.33333333333333,0.151319174926017,FALSE
"647","Norway","Ireland",2,0.505468127299993,FALSE
"648","Norway","Israel",-3,0.19905584332171,FALSE
"649","Norway","Italy",-0.333333333333334,0.911499081761762,FALSE
"650","Norway","Latvia",0,1,FALSE
"651","Norway","Lithuania",9.4,0.000120475176627481,TRUE
"652","Norway","Malta",-10,0.000237690291769648,TRUE
"653","Norway","Montenegro",-2.33333333333333,0.437468809604576,FALSE
"654","Norway","Poland",17.0833333333333,9.0077092080918e-12,TRUE
"655","Norway","Romania",5.83333333333333,0.0547520768262577,FALSE
"656","Norway","Russia",-3.5,0.24533531535777,FALSE
"657","Norway","Serbia",2.33333333333333,0.437468809604576,FALSE
"658","Norway","Slovenia",-0.4,0.863296462428584,FALSE
"659","Norway","Spain",4,0.184881989775865,FALSE
"660","Norway","Sweden",0.5,0.847352433755721,FALSE
"661","Norway","Switzerland",3.25,0.2132016073967,FALSE
"662","Norway","Ukraine",-3.66666666666667,0.223780985949104,FALSE
"663","Norway","United Kingdom",4.66666666666667,0.122695781142024,FALSE
"664","Poland","Armenia",1,0.776546300572259,FALSE
"665","Poland","Australia",-3,0.395554330304233,FALSE
"666","Poland","Austria",0.875,0.774294382839666,FALSE
"667","Poland","Azerbaijan",-3.625,0.236955143302896,FALSE
"668","Poland","Belarus",7.33333333333333,0.0401862172887127,TRUE
"669","Poland","Belgium",-3.83333333333333,0.278414386114006,FALSE
"670","Poland","Cyprus",0.666666666666667,0.849901379638636,FALSE
"671","Poland","France",-3.66666666666666,0.299680961984546,FALSE
"672","Poland","Georgia",-1.25,0.682143644360002,FALSE
"673","Poland","Germany",7.66666666666667,0.0321720810140956,TRUE
"674","Poland","Greece",3.33333333333333,0.345456704273911,FALSE
"675","Poland","Hungary",0.666666666666667,0.849901379638636,FALSE
"676","Poland","Ireland",2.66666666666667,0.449899690122249,FALSE
"677","Poland","Israel",-2.6,0.342122962904751,FALSE
"678","Poland","Italy",-0.333333333333335,0.924608017887638,FALSE
"679","Poland","Latvia",1.25,0.682143644360002,FALSE
"680","Poland","Lithuania",-0.600000000000001,0.825970477265999,FALSE
"681","Poland","Malta",-13.5,3.12594907071985e-05,TRUE
"682","Poland","Montenegro",-3.33333333333333,0.345456704273911,FALSE
"683","Poland","Norway",-3,0.273513255241911,FALSE
"684","Poland","Romania",0.166666666666667,0.962260948534684,FALSE
"685","Poland","Russia",0.166666666666667,0.962260948534684,FALSE
"686","Poland","Serbia",-2.33333333333333,0.508331028327738,FALSE
"687","Poland","Slovenia",4.2,0.126756659805394,FALSE
"688","Poland","Spain",6.33333333333333,0.0753233625054026,FALSE
"689","Poland","Sweden",0.25,0.934683784804857,FALSE
"690","Poland","Switzerland",7.75,0.0128933556413342,TRUE
"691","Poland","Ukraine",3.66666666666666,0.299680961984545,FALSE
"692","Poland","United Kingdom",-2,0.570596085212423,FALSE
"693","Russia","Albania",-1.5,0.679974716779639,FALSE
"694","Russia","Armenia",8.66666666666667,0.00115812614047518,TRUE
"695","Russia","Austria",3.875,0.220666357652907,FALSE
"696","Russia","Azerbaijan",5.5,0.0537979966053344,FALSE
"697","Russia","Belgium",-3,0.34201827573321,FALSE
"698","Russia","Cyprus",4,0.273064170279883,FALSE
"699","Russia","Estonia",2.625,0.405395027718888,FALSE
"700","Russia","Finland",-3,0.410205898222426,FALSE
"701","Russia","France",-2.33333333333333,0.521442742484379,FALSE
"702","Russia","Georgia",1.5,0.679974716779639,FALSE
"703","Russia","Germany",1,0.783247709375118,FALSE
"704","Russia","Greece",3.375,0.285489763936006,FALSE
"705","Russia","Hungary",-0.333333333333333,0.896799866049194,FALSE
"706","Russia","Iceland",0.333333333333334,0.926922140237225,FALSE
"707","Russia","Italy",1.02558009940457e-15,1,FALSE
"708","Russia","Latvia",0.666666666666666,0.854468700363561,FALSE
"709","Russia","Malta",-14,0.000240342570860514,TRUE
"710","Russia","Moldova",5.83333333333333,0.111622155191253,FALSE
"711","Russia","Montenegro",-1.5,0.633919786240605,FALSE
"712","Russia","Poland",13.3333333333333,0.000444772265221138,TRUE
"713","Russia","Romania",-0.5,0.890578793023815,FALSE
"714","Russia","San Marino",9.33333333333334,0.0120115265437508,TRUE
"715","Russia","Serbia",9,0.0152769570540307,TRUE
"716","Russia","Spain",3,0.410205898222427,FALSE
"717","Russia","Sweden",-3,0.34201827573321,FALSE
"718","Russia","The Netherlands",-7.59999999999999,0.0084237464246242,TRUE
"719","Russia","Ukraine",3.66666666666667,0.314719827541902,FALSE
"720","Russia","United Kingdom",-3,0.410205898222426,FALSE
"721","Serbia","Albania",7.66666666666667,0.0104487225257634,TRUE
"722","Serbia","Armenia",-1.66666666666667,0.551566072054593,FALSE
"723","Serbia","Australia",-4.66666666666667,0.103791516056979,FALSE
"724","Serbia","Belgium",-2.375,0.330277108139056,FALSE
"725","Serbia","Georgia",-2.625,0.282964670729109,FALSE
"726","Serbia","Hungary",8.66666666666667,0.004435594317874,TRUE
"727","Serbia","Israel",-4,0.160168862934839,FALSE
"728","Serbia","Latvia",-6.66666666666667,0.0236826238092544,TRUE
"729","Serbia","Lithuania",-5.66666666666667,0.0510949477454711,FALSE
"730","Serbia","Poland",9,0.00331101088775712,TRUE
"731","Serbia","Russia",1.5,0.591782496398732,FALSE
"732","Slovenia","Armenia",-8.66666666666667,0.00866746184750471,TRUE
"733","Slovenia","Australia",-6,0.0658748686314395,FALSE
"734","Slovenia","Austria",3.875,0.168019763901703,FALSE
"735","Slovenia","Azerbaijan",-6.875,0.0158118561785423,TRUE
"736","Slovenia","Belarus",0.666666666666667,0.836240093187292,FALSE
"737","Slovenia","Belgium",-3.16666666666667,0.327679924875812,FALSE
"738","Slovenia","Cyprus",0,1,FALSE
"739","Slovenia","France",-3.33333333333333,0.3030320866269,FALSE
"740","Slovenia","Georgia",-6.25,0.0277192937166922,TRUE
"741","Slovenia","Germany",3.84592537276713e-16,1,FALSE
"742","Slovenia","Greece",2,0.53565458034221,FALSE
"743","Slovenia","Hungary",1.33333333333333,0.679437687124673,FALSE
"744","Slovenia","Ireland",1,0.756559756465593,FALSE
"745","Slovenia","Israel",-4.2,0.0957912009096169,FALSE
"746","Slovenia","Italy",7.33333333333333,0.0253789093913248,TRUE
"747","Slovenia","Latvia",-3.75,0.181985538768859,FALSE
"748","Slovenia","Lithuania",-2.8,0.264330849228906,FALSE
"749","Slovenia","Malta",-12.25,3.55986121848823e-05,TRUE
"750","Slovenia","Montenegro",12,0.000367990924731966,TRUE
"751","Slovenia","Norway",-3,0.23200928879272,FALSE
"752","Slovenia","Poland",9.08333333333333,0.000150216354696691,TRUE
"753","Slovenia","Romania",4.16666666666667,0.198842942000513,FALSE
"754","Slovenia","Russia",-0.5,0.876790770231273,FALSE
"755","Slovenia","Serbia",17.3333333333333,7.94345705805379e-07,TRUE
"756","Slovenia","Spain",2.33333333333333,0.470115505358293,FALSE
"757","Slovenia","Sweden",-1.25,0.654665208478351,FALSE
"758","Slovenia","Switzerland",6,0.0343565020418909,TRUE
"759","Slovenia","Ukraine",-3.33333333333333,0.3030320866269,FALSE
"760","Slovenia","United Kingdom",-1.66666666666666,0.605596077680504,FALSE
"761","Spain","Albania",2.5,0.403410177166647,FALSE
"762","Spain","Armenia",5,0.0200186199525284,TRUE
"763","Spain","Austria",3.625,0.16357858070987,FALSE
"764","Spain","Azerbaijan",-10.5,1.98135571603503e-05,TRUE
"765","Spain","Belgium",-1.25,0.628985219109926,FALSE
"766","Spain","Cyprus",-0.666666666666667,0.823304019077103,FALSE
"767","Spain","Estonia",2.125,0.41212770671985,FALSE
"768","Spain","Finland",-3.66666666666667,0.221633432948534,FALSE
"769","Spain","France",4.66666666666667,0.120959490972604,FALSE
"770","Spain","Georgia",-2.16666666666667,0.468721323546078,FALSE
"771","Spain","Germany",2.33333333333333,0.435345046929987,FALSE
"772","Spain","Greece",-2.875,0.268052523013694,FALSE
"773","Spain","Hungary",-3.33333333333333,0.117290541411922,FALSE
"774","Spain","Iceland",3.33333333333333,0.266117366642015,FALSE
"775","Spain","Italy",5,0.0970006199709138,FALSE
"776","Spain","Latvia",-3,0.316522942957221,FALSE
"777","Spain","Malta",-12.6666666666667,5.91579841214512e-05,TRUE
"778","Spain","Moldova",2.5,0.403410177166647,FALSE
"779","Spain","Montenegro",-6,0.0225709276853787,TRUE
"780","Spain","Poland",16.3333333333333,5.24487237185704e-07,TRUE
"781","Spain","Romania",13.1666666666667,3.21193462661962e-05,TRUE
"782","Spain","Russia",-0.25,0.905722537970659,FALSE
"783","Spain","San Marino",5.33333333333334,0.0770622541783173,FALSE
"784","Spain","Serbia",2.33333333333333,0.435345046929987,FALSE
"785","Spain","Sweden",-2,0.440049928529541,FALSE
"786","Spain","The Netherlands",-1.4,0.545352942481746,FALSE
"787","Spain","Ukraine",2.56395024851142e-16,1,FALSE
"788","Spain","United Kingdom",7,0.0212542610338352,TRUE
"789","Sweden","Armenia",-3.97205464519564e-16,1,FALSE
"790","Sweden","Austria",3.625,0.170553576411613,FALSE
"791","Sweden","Azerbaijan",-8.58333333333334,0.000143195053137614,TRUE
"792","Sweden","Belgium",-1.33333333333333,0.660603200063312,FALSE
"793","Sweden","Cyprus",0,1,FALSE
"794","Sweden","Czech Republic",-3.66666666666667,0.229261492169217,FALSE
"795","Sweden","Estonia",2.16666666666667,0.47601219967196,FALSE
"796","Sweden","France",0.333333333333334,0.912537462551571,FALSE
"797","Sweden","Germany",-0.666666666666667,0.826144051040158,FALSE
"798","Sweden","Greece",-0.333333333333332,0.912537462551571,FALSE
"799","Sweden","Hungary",-1.2,0.610018499123341,FALSE
"800","Sweden","Iceland",6.625,0.0135809223858478,TRUE
"801","Sweden","Israel",-1.33333333333333,0.660603200063312,FALSE
"802","Sweden","Italy",-1,0.741848813644968,FALSE
"803","Sweden","Latvia",-1.25,0.634598522839417,FALSE
"804","Sweden","Lithuania",2.66666666666667,0.38080135489691,FALSE
"805","Sweden","Malta",-10.5,0.000145563886528367,TRUE
"806","Sweden","Montenegro",-0.2,0.932196243970519,FALSE
"807","Sweden","Norway",1,0.741848813644968,FALSE
"808","Sweden","Poland",18.625,6.47515194711129e-10,TRUE
"809","Sweden","Russia",-1.3,0.580629704787774,FALSE
"810","Sweden","San Marino",4,0.131020021626688,FALSE
"811","Sweden","Slovenia",2.33333333333333,0.442877850751833,FALSE
"812","Sweden","Spain",3.66666666666667,0.229261492169217,FALSE
"813","Sweden","The Netherlands",1.25,0.634598522839417,FALSE
"814","Sweden","Ukraine",-0.333333333333333,0.912537462551571,FALSE
"815","Sweden","United Kingdom",1,0.741848813644968,FALSE
"816","Switzerland","Armenia",-3.66666666666667,0.254670682022738,FALSE
"817","Switzerland","Australia",-4.66666666666667,0.148212994198319,FALSE
"818","Switzerland","Austria",4.875,0.0821032109987212,FALSE
"819","Switzerland","Azerbaijan",-7.875,0.00569497444227198,TRUE
"820","Switzerland","Belarus",-3.33333333333333,0.300060491899872,FALSE
"821","Switzerland","Belgium",-4.5,0.163041828495131,FALSE
"822","Switzerland","Cyprus",-5,0.121727949973769,FALSE
"823","Switzerland","France",-1,0.755107537492251,FALSE
"824","Switzerland","Georgia",-9,0.00171124455117467,TRUE
"825","Switzerland","Germany",13.6666666666667,5.486882581774e-05,TRUE
"826","Switzerland","Greece",4.66666666666667,0.148212994198319,FALSE
"827","Switzerland","Hungary",1.33333333333333,0.677573152625078,FALSE
"828","Switzerland","Ireland",1,0.755107537492252,FALSE
"829","Switzerland","Israel",-4.4,0.0794121190731499,FALSE
"830","Switzerland","Italy",9.66666666666667,0.00339196752358226,TRUE
"831","Switzerland","Latvia",-8.25,0.00385798699489234,TRUE
"832","Switzerland","Lithuania",-5.2,0.0389473792409438,TRUE
"833","Switzerland","Malta",-11.5,8.4718174102679e-05,TRUE
"834","Switzerland","Montenegro",3,0.350660409876565,FALSE
"835","Switzerland","Norway",-1.8,0.469200042456558,FALSE
"836","Switzerland","Poland",12.25,6.85710538403062e-07,TRUE
"837","Switzerland","Romania",3.83333333333333,0.233898720544845,FALSE
"838","Switzerland","Russia",-2.83333333333333,0.377919754894363,FALSE
"839","Switzerland","Serbia",16.6666666666667,1.55804325257197e-06,TRUE
"840","Switzerland","Slovenia",-1.6,0.519836252298893,FALSE
"841","Switzerland","Spain",11,0.000942568855831976,TRUE
"842","Switzerland","Sweden",-2.5,0.369041279097818,FALSE
"843","Switzerland","Ukraine",-6,0.0642224379740408,FALSE
"844","Switzerland","United Kingdom",-2.33333333333333,0.467383289217792,FALSE
"845","The Netherlands","Albania",2.5,0.432927371817506,FALSE
"846","The Netherlands","Armenia",7.33333333333333,0.0016365567519582,TRUE
"847","The Netherlands","Austria",3.625,0.190864737590559,FALSE
"848","The Netherlands","Azerbaijan",-6.1,0.0152880310950996,TRUE
"849","The Netherlands","Belgium",4.75,0.0878511535319803,FALSE
"850","The Netherlands","Cyprus",-2.33333333333333,0.464100190393184,FALSE
"851","The Netherlands","Estonia",0.875,0.750872068690846,FALSE
"852","The Netherlands","Finland",-0.333333333333334,0.91655288513984,FALSE
"853","The Netherlands","France",-0.666666666666667,0.834034578289727,FALSE
"854","The Netherlands","Georgia",-5.83333333333333,0.0698401145617703,FALSE
"855","The Netherlands","Germany",1,0.753342170568911,FALSE
"856","The Netherlands","Greece",-0.375,0.891737820795665,FALSE
"857","The Netherlands","Hungary",1.5,0.505536952030536,FALSE
"858","The Netherlands","Iceland",5,0.119095631532503,FALSE
"859","The Netherlands","Italy",-2.33333333333334,0.464100190393184,FALSE
"860","The Netherlands","Latvia",-2.33333333333333,0.464100190393184,FALSE
"861","The Netherlands","Malta",-10.6666666666667,0.00122483689170092,TRUE
"862","The Netherlands","Moldova",-0.166666666666667,0.958218015800636,FALSE
"863","The Netherlands","Montenegro",-5,0.0726919515921574,FALSE
"864","The Netherlands","Poland",21.6666666666667,2.11202627857428e-09,TRUE
"865","The Netherlands","Romania",2.16666666666667,0.496510244442362,FALSE
"866","The Netherlands","Russia",-1.91666666666667,0.395364028349495,FALSE
"867","The Netherlands","San Marino",4.66666666666667,0.145328973416477,FALSE
"868","The Netherlands","Serbia",8,0.0138006852153586,TRUE
"869","The Netherlands","Spain",4.33333333333333,0.175875495272359,FALSE
"870","The Netherlands","Sweden",-1.5,0.586508651055103,FALSE
"871","The Netherlands","Ukraine",-2.33333333333333,0.464100190393184,FALSE
"872","The Netherlands","United Kingdom",1.28197512425571e-15,1,FALSE
"873","Ukraine","Armenia",4.66666666666667,0.160312206292523,FALSE
"874","Ukraine","Azerbaijan",5.33333333333333,0.111481322172575,FALSE
"875","Ukraine","Belgium",-3.66666666666667,0.264930537603825,FALSE
"876","Ukraine","Hungary",0.666666666666667,0.836633437521971,FALSE
"877","Ukraine","Latvia",4,0.225435874761859,FALSE
"878","Ukraine","Poland",19.3333333333333,9.82574972706131e-06,TRUE
"879","Ukraine","Russia",7.83333333333333,0.0243264980843624,TRUE
"880","Ukraine","Sweden",-2.33333333333333,0.473451631774835,FALSE
"881","Ukraine","The Netherlands",-8.66666666666667,0.0140497166478988,TRUE
"882","United Kingdom","Armenia",-5.66666666666667,0.0714965482417912,FALSE
"883","United Kingdom","Australia",-3,0.336270640945888,FALSE
"884","United Kingdom","Austria",-0.125,0.9629877790053,FALSE
"885","United Kingdom","Azerbaijan",-9.375,0.000802662781239679,TRUE
"886","United Kingdom","Belarus",-2.33333333333333,0.45398844583438,FALSE
"887","United Kingdom","Belgium",-5.5,0.0800533280599908,FALSE
"888","United Kingdom","Cyprus",1.66666666666667,0.59242166222872,FALSE
"889","United Kingdom","France",-0.999999999999999,0.7479126788072,FALSE
"890","United Kingdom","Georgia",-4.25,0.117582103340092,FALSE
"891","United Kingdom","Germany",-0.666666666666666,0.830311102186725,FALSE
"892","United Kingdom","Greece",5,0.110930872857573,FALSE
"893","United Kingdom","Hungary",-3,0.336270640945888,FALSE
"894","United Kingdom","Ireland",7.33333333333333,0.020559032349039,TRUE
"895","United Kingdom","Israel",-2.4,0.320761902552817,FALSE
"896","United Kingdom","Italy",-2,0.520789621639892,FALSE
"897","United Kingdom","Latvia",1,0.710585173629107,FALSE
"898","United Kingdom","Lithuania",9.6,0.000146916340604863,TRUE
"899","United Kingdom","Malta",-4.5,0.0978317161073393,FALSE
"900","United Kingdom","Montenegro",-7,0.0268199392233754,TRUE
"901","United Kingdom","Norway",-6.2,0.0117513370433638,TRUE
"902","United Kingdom","Poland",18.25,2.62352437502601e-12,TRUE
"903","United Kingdom","Romania",5.5,0.0800533280599909,FALSE
"904","United Kingdom","Russia",-2.5,0.422525616547778,FALSE
"905","United Kingdom","Serbia",1.66666666666667,0.59242166222872,FALSE
"906","United Kingdom","Slovenia",-3.8,0.117707116395363,FALSE
"907","United Kingdom","Spain",7.66666666666666,0.0156330822167706,TRUE
"908","United Kingdom","Sweden",-3,0.267348581768539,FALSE
"909","United Kingdom","Switzerland",1,0.710585173629106,FALSE
"910","United Kingdom","Ukraine",-3.33333333333333,0.285683851749999,FALSE
"911","Portugal","Armenia",-6,0.0113963987180412,TRUE
"912","Portugal","Azerbaijan",-10.125,1.39330207964077e-05,TRUE
"913","Portugal","Hungary",-3.33333333333333,0.143007554552409,FALSE
"914","Portugal","Iceland",-3.5,0.124824469472546,FALSE
"915","Portugal","Latvia",-3.33333333333333,0.143007554552409,FALSE
"916","Portugal","Montenegro",-0.250000000000001,0.89701993991794,FALSE
"917","Portugal","Norway",-3.33333333333333,0.143007554552409,FALSE
"918","Portugal","Poland",8.83333333333334,0.000445074751639929,TRUE
"919","Portugal","Russia",4,0.0813844169255384,FALSE
"920","Portugal","San Marino",7.66666666666667,0.00176502329077809,TRUE
"921","Portugal","Slovenia",-3.33333333333334,0.143007554552409,FALSE
"922","Portugal","Sweden",-2.5,0.202399174966346,FALSE
"923","Romania","Armenia",3.33333333333333,0.296558318325183,FALSE
"924","Romania","Austria",-3.16666666666667,0.320807225464294,FALSE
"925","Romania","Belarus",0.666666666666667,0.832725726504472,FALSE
"926","Romania","Finland",-3.66666666666667,0.252051489278325,FALSE
"927","Romania","Georgia",-2.5,0.431286393561605,FALSE
"928","Romania","Greece",6.625,0.0222545361312791,TRUE
"929","Romania","Hungary",7.33333333333333,0.0277355459105284,TRUE
"930","Romania","Norway",-3.33333333333333,0.296558318325183,FALSE
"931","Romania","Poland",2.66666666666667,0.401652014027776,FALSE
"932","Romania","Russia",-2.33333333333333,0.462235758183743,FALSE
"933","Romania","Slovenia",3,0.346404344336518,FALSE
